{
    "total" : "100",
    "person": [
    {
  "first_name": "Jacques",
  "last_name": "Doers"
}, {
  "first_name": "Culver",
  "last_name": "Haborn"
}, {
  "first_name": "Natassia",
  "last_name": "Upsale"
}, {
  "first_name": "Terri",
  "last_name": "Chastagnier"
}, {
  "first_name": "Gar",
  "last_name": "Rannie"
}, {
  "first_name": "Joli",
  "last_name": "Kleinmintz"
}, {
  "first_name": "Carrol",
  "last_name": "Brann"
}, {
  "first_name": "Jasun",
  "last_name": "MacKeller"
}, {
  "first_name": "Alexandrina",
  "last_name": "Bande"
}, {
  "first_name": "Hermann",
  "last_name": "Langcaster"
}
]
}
